category,description,image_url,name,price,stock_quantity
Audio,Performance Else memory if six field live on.,https://example.com/jblcharge5.jpg,JBL Charge 5 YWA,3792.19,107
Electronics,Performance Cause believe son would mouth relate own chair better available sure.,https://example.com/oneplus9.jpg,OnePlus 9 NGI,4827.67,124
Home & Kitchen,Performance Government first policy daughter need kind miss artist.,https://example.com/kitchenaidmixer.jpg,KitchenAid Mixer VEJ,4839.32,91
Books,Performance Report size personal partner stock four room region as true develop sound central.,https://example.com/thepragmaticprogrammer.jpg,The Pragmatic Programmer JAF,2528.39,72
Computers,Performance Year themselves your majority feeling fact by four.,"https://example.com/macbookpro14"".jpg","MacBook Pro 14"" ICF",3095.66,64
Books,Performance Natural explain before something first drug contain start almost wonder employee attorney quickly candidate change although.,https://example.com/thepragmaticprogrammer.jpg,The Pragmatic Programmer INZ,1557.64,186
Electronics,Performance Study modern miss dog Democrat quickly stay information every manage political record word.,https://example.com/oneplus9.jpg,OnePlus 9 FSI,2365.99,25
Gaming,Performance Break onto friend couple administration even relate head color international artist situation talk despite stage plant.,https://example.com/steamdeck.jpg,Steam Deck WFU,1587.82,163
Computers,Performance Ago play paper office hospital have wonder already.,https://example.com/hpspectrex360.jpg,HP Spectre x360 IMR,2219.04,133
Gaming,Performance Look road article quickly name per structure attorney author.,https://example.com/playstation5.jpg,PlayStation 5 BML,4027.09,140
Electronics,Performance Article level others record hospital employee toward like total.,https://example.com/iphone13.jpg,iPhone 13 TWB,3601.33,102
Wearables,Performance Whom around put suddenly garden economy others kind company likely.,https://example.com/applewatchseries7.jpg,Apple Watch Series 7 KKS,3063.37,85
Computers,Performance Power home price check real leader bad school name care several.,https://example.com/lenovothinkpadx1.jpg,Lenovo ThinkPad X1 AKG,3521.18,16
Computers,Performance Pull opportunity throughout take car financial security stock ball organization recognize.,https://example.com/dellxps15.jpg,Dell XPS 15 EWN,1200.69,36
Audio,Performance Her then nothing increase I reduce industry product another knowledge else citizen month maintain.,https://example.com/jblcharge5.jpg,JBL Charge 5 KPO,465.17,81
Books,Performance This manager fine level speak themselves speech.,https://example.com/refactoring.jpg,Refactoring JMW,554.20,141
Gaming,Performance Study candidate address wear individual about add senior.,https://example.com/playstation5.jpg,PlayStation 5 MJO,2741.73,138
Computers,Performance Couple part cup few read consider little type.,https://example.com/lenovothinkpadx1.jpg,Lenovo ThinkPad X1 RHN,2230.50,152
Audio,Performance Trial son break either president stage population boy child surface amount.,https://example.com/jblcharge5.jpg,JBL Charge 5 OFB,1592.06,61
Gaming,Performance Fire happen nothing support suffer which parent manager popular learn itself the condition heart fact.,https://example.com/xboxseriesx.jpg,Xbox Series X NRQ,955.06,47
Electronics,Performance Front happen behavior single along especially change on guess writer can boy.,https://example.com/oneplus9.jpg,OnePlus 9 IJR,2387.89,22
Wearables,Performance Conference mission audience idea foreign increase between training listen subject wish.,https://example.com/fitbitversa3.jpg,Fitbit Versa 3 UPD,4385.08,9
Audio,Performance Record interview few same thus turn phone heart.,https://example.com/sonywh-1000xm4.jpg,Sony WH-1000XM4 VHE,4491.88,138
Wearables,Performance Cup determine his better news face turn small.,https://example.com/garminfenix6.jpg,Garmin Fenix 6 OFE,4190.95,134
Gaming,Performance Base detail yourself one coach court boy state table agree moment sell cut.,https://example.com/xboxseriesx.jpg,Xbox Series X TRN,4248.93,173
Books,Performance Political young something perhaps bit learn gun still bit other.,https://example.com/refactoring.jpg,Refactoring FZQ,2902.68,115
Home & Kitchen,Performance Point institution miss quickly thousand street your play themselves myself use act relationship.,https://example.com/kitchenaidmixer.jpg,KitchenAid Mixer FJK,421.04,156
Electronics,Performance Modern themselves owner choose here family relationship.,https://example.com/googlepixel6.jpg,Google Pixel 6 VUU,2939.50,85
Audio,Performance Might trip at candidate feel serve large technology.,https://example.com/bosequietcomfort35.jpg,Bose QuietComfort 35 EEZ,1222.75,187
Gaming,Performance Why measure too maybe off question source serious wrong section town deal movement out.,https://example.com/playstation5.jpg,PlayStation 5 ZJP,3529.61,95
Audio,Performance Only surface something prevent a consider medical effort assume teacher wall field impact special artist political.,https://example.com/bosequietcomfort35.jpg,Bose QuietComfort 35 EYY,1669.36,15
Electronics,Performance Area along individual man tell response purpose character would in partner hit.,https://example.com/samsunggalaxys21.jpg,Samsung Galaxy S21 IPS,4278.06,56
Electronics,Performance After our car food record power crime situation since.,https://example.com/iphone13.jpg,iPhone 13 DGE,143.22,162
Computers,Performance Pass value practice wide require fast support when hold family second whatever work business.,"https://example.com/macbookpro14"".jpg","MacBook Pro 14"" HDN",1962.13,94
Audio,Performance Know series lay smile away and various main too war project occur democratic.,https://example.com/sonywh-1000xm4.jpg,Sony WH-1000XM4 YMC,191.60,5
Computers,Performance Recognize information figure box international not type very indeed between similar safe air land.,https://example.com/dellxps15.jpg,Dell XPS 15 FXO,3593.39,122
Computers,Performance Try while reveal bad audience grow ahead girl act window standard audience throw debate.,"https://example.com/macbookpro14"".jpg","MacBook Pro 14"" RAB",4685.48,5
Books,Performance Security fall ready usually do center law live religious.,https://example.com/refactoring.jpg,Refactoring NQR,3106.79,66
Electronics,Performance Gun list fall view when player contain year bill ok.,https://example.com/samsunggalaxys21.jpg,Samsung Galaxy S21 QIB,369.14,77
Gaming,Performance Source firm drug senior fact information animal car after.,https://example.com/steamdeck.jpg,Steam Deck KYJ,909.79,128
Home & Kitchen,Performance Inside nearly scientist central instead PM be know hard.,https://example.com/ninjafoodi9-in-1.jpg,Ninja Foodi 9-in-1 ESE,2986.46,179
Home & Kitchen,Performance Across while top kid he weight before control board born painting child reflect.,https://example.com/instantpotduo.jpg,Instant Pot Duo HDY,1308.06,187
Home & Kitchen,Performance It easy law view central leg PM low data ability recognize peace account.,https://example.com/instantpotduo.jpg,Instant Pot Duo ZLX,3491.51,52
Audio,Performance Feeling participant interest seem begin marriage which myself if place again establish protect a huge three.,https://example.com/sonywh-1000xm4.jpg,Sony WH-1000XM4 THX,3945.35,40
Audio,Performance Second government the pull cultural be audience energy.,https://example.com/bosequietcomfort35.jpg,Bose QuietComfort 35 TZC,1718.14,64
Electronics,Performance Teacher three seven attention team executive care mission decision black western myself scientist tough everything.,https://example.com/googlepixel6.jpg,Google Pixel 6 IVH,3331.37,3
Home & Kitchen,Performance Case but building husband life nice federal place score design major maybe manage when know central.,https://example.com/dysonv11vacuum.jpg,Dyson V11 Vacuum CXK,4501.49,130
Gaming,Performance Agent likely thousand act money at term rather score protect.,https://example.com/nintendoswitch.jpg,Nintendo Switch FDN,1949.32,168
Gaming,Performance Per yourself their record road dinner seem explain.,https://example.com/xboxseriesx.jpg,Xbox Series X AXC,2807.40,3
Home & Kitchen,Performance Himself former possible reach challenge value challenge firm decade cost glass work.,https://example.com/ninjafoodi9-in-1.jpg,Ninja Foodi 9-in-1 GBD,1686.22,11
Books,Performance Role somebody keep daughter report town almost plan that hair sea quality do.,https://example.com/designpatterns.jpg,Design Patterns BZF,682.84,195
Home & Kitchen,Performance Seem sign third in approach recent program possible natural same issue lawyer effort little front.,https://example.com/kitchenaidmixer.jpg,KitchenAid Mixer TNF,3054.58,172
Gaming,Performance Glass face according as into develop part newspaper determine.,https://example.com/xboxseriesx.jpg,Xbox Series X CCD,3580.94,99
Wearables,Performance Paper beat five movie throw eight miss couple.,https://example.com/garminfenix6.jpg,Garmin Fenix 6 MVM,4146.22,20
Electronics,Performance Could cut pull save fine team effort gas Republican and various authority.,https://example.com/samsunggalaxys21.jpg,Samsung Galaxy S21 FNH,3495.93,40
Computers,Performance Answer speak without leave brother bank better she increase try key baby interview.,https://example.com/dellxps15.jpg,Dell XPS 15 DFU,3190.62,96
Wearables,Performance Economic detail subject everything goal yes blue tonight particular.,https://example.com/garminfenix6.jpg,Garmin Fenix 6 WZC,167.41,179
Books,Performance Since method left plant evening admit past Republican common increase design.,https://example.com/refactoring.jpg,Refactoring YMT,3863.21,181
Electronics,Performance Middle teacher business population brother say grow push region produce develop story drive million push.,https://example.com/samsunggalaxys21.jpg,Samsung Galaxy S21 VQA,2232.31,66
Wearables,Performance Expert commercial special network foreign one agent candidate how wish member baby share sit.,https://example.com/fitbitversa3.jpg,Fitbit Versa 3 OXO,2237.36,124
Books,Performance Dog car do his part car material truth pattern ago.,https://example.com/cleancode.jpg,Clean Code XFK,4420.54,126
Gaming,Performance Final when new clear these speak say national region bad case I course first.,https://example.com/nintendoswitch.jpg,Nintendo Switch MWF,4190.31,12
Audio,Performance Although risk which gas kid rise price employee public figure.,https://example.com/jblcharge5.jpg,JBL Charge 5 SYD,948.13,162
Electronics,Performance Run character against physical agency and difficult president.,https://example.com/samsunggalaxys21.jpg,Samsung Galaxy S21 WKI,4934.24,102
Wearables,Performance Career two large center find power road size impact act through move source.,https://example.com/garminfenix6.jpg,Garmin Fenix 6 EDW,1587.72,54
Electronics,Performance North but west commercial may perform product.,https://example.com/iphone13.jpg,iPhone 13 RTD,4901.42,172
Books,Performance Form style star east against southern collection skin.,https://example.com/cleancode.jpg,Clean Code USJ,960.40,155
Wearables,Performance Interview ten billion pick report past always future.,https://example.com/fitbitversa3.jpg,Fitbit Versa 3 RJK,4369.53,71
Wearables,Performance Personal threat many group public leader medical.,https://example.com/fitbitversa3.jpg,Fitbit Versa 3 VUY,509.90,101
Wearables,Performance Front sound war address morning explain light alone mother need various although house.,https://example.com/applewatchseries7.jpg,Apple Watch Series 7 KVW,119.01,115
Audio,Performance Anything event yet effect quite reflect upon yet seven several might history strong economy.,https://example.com/sonywh-1000xm4.jpg,Sony WH-1000XM4 HZW,4308.19,34
Wearables,Performance Only result race government trouble tonight former section across staff.,https://example.com/samsunggalaxywatch.jpg,Samsung Galaxy Watch HKV,584.40,39
Gaming,Performance Fact fall manager idea issue color small notice kind game act return.,https://example.com/playstation5.jpg,PlayStation 5 KJW,221.07,52
Wearables,Performance Section could nature interest wear community college probably church body mean.,https://example.com/samsunggalaxywatch.jpg,Samsung Galaxy Watch QQX,2796.20,93
Books,Performance Senior entire expect investment yard responsibility watch Mrs never wrong couple site social.,https://example.com/cleancode.jpg,Clean Code YIM,4233.34,179
Books,Performance Six reduce sit his less already treatment PM sometimes.,https://example.com/refactoring.jpg,Refactoring AWG,3564.66,117
Wearables,Performance More walk quite piece physical market room eat through ever war unit.,https://example.com/garminfenix6.jpg,Garmin Fenix 6 WOB,1868.52,137
Computers,Performance Season last meeting southern relate when clearly type up play.,https://example.com/dellxps15.jpg,Dell XPS 15 EKC,1884.14,74
Electronics,Performance Particular before air action economy several hit simple personal home they although.,https://example.com/samsunggalaxys21.jpg,Samsung Galaxy S21 RQB,763.61,85
Gaming,Performance North everything state huge TV career bank ten guess.,https://example.com/nintendoswitch.jpg,Nintendo Switch DWK,3595.31,86
Audio,Performance Provide likely fire subject west agent hotel by.,https://example.com/sonywh-1000xm4.jpg,Sony WH-1000XM4 EMT,215.60,41
Computers,Performance Provide other identify fill art by care lose politics shake another statement analysis.,https://example.com/lenovothinkpadx1.jpg,Lenovo ThinkPad X1 WOR,1810.92,140
Computers,Performance Hold conference son spend ball company enter son foreign remember site military lead travel series large.,https://example.com/lenovothinkpadx1.jpg,Lenovo ThinkPad X1 JSV,583.33,187
Computers,Performance Computer mention time firm water cover social particularly speech mission remember tree care sign arm bar.,"https://example.com/macbookpro14"".jpg","MacBook Pro 14"" JCO",1546.32,133
Wearables,Performance Billion parent now from her gun subject PM.,https://example.com/applewatchseries7.jpg,Apple Watch Series 7 HVA,1520.33,84
Gaming,Performance Safe affect though cover including artist find hope appear.,https://example.com/steamdeck.jpg,Steam Deck IUB,552.17,143
Home & Kitchen,Performance Group strong back approach great top series public none.,https://example.com/dysonv11vacuum.jpg,Dyson V11 Vacuum XYT,1692.03,87
Electronics,Performance Air sort couple hold group but go computer pattern.,https://example.com/googlepixel6.jpg,Google Pixel 6 ZDA,588.88,127
Home & Kitchen,Performance So second reason live teach movie I situation understand agree middle student bag grow.,https://example.com/ninjafoodi9-in-1.jpg,Ninja Foodi 9-in-1 PAU,1516.50,188
Wearables,Performance Training personal expert already heavy church nature chair company.,https://example.com/fitbitversa3.jpg,Fitbit Versa 3 GEC,4599.25,160
Books,Performance Wall various foreign agency when personal huge difficult player forget.,https://example.com/refactoring.jpg,Refactoring KOR,4032.53,163
Electronics,Performance There leg theory case north add us accept hope.,https://example.com/iphone13.jpg,iPhone 13 PWO,4040.79,50
Wearables,Performance Agent follow about another understand of challenge.,https://example.com/fitbitversa3.jpg,Fitbit Versa 3 ZLJ,315.17,2
Electronics,Performance Skin industry nothing rather represent two hair describe hundred candidate not go.,https://example.com/googlepixel6.jpg,Google Pixel 6 JRY,2786.81,74
Home & Kitchen,Performance Likely different house population however ok structure your those head.,https://example.com/dysonv11vacuum.jpg,Dyson V11 Vacuum GBB,3943.56,182
Wearables,Performance Theory everybody particularly test hospital personal move system certain hotel should room with item.,https://example.com/fitbitversa3.jpg,Fitbit Versa 3 BMN,2120.96,94
Computers,Performance Left college listen city truth ten seven both happy central group line million approach theory election.,https://example.com/lenovothinkpadx1.jpg,Lenovo ThinkPad X1 GTD,2930.29,42
Home & Kitchen,Performance Herself among necessary alone improve heart decade care book ground all.,https://example.com/instantpotduo.jpg,Instant Pot Duo ULU,1799.02,16
Audio,Performance Politics religious back international risk catch check clearly.,https://example.com/sonywh-1000xm4.jpg,Sony WH-1000XM4 KZD,4516.02,115
Audio,Performance Ground think save respond friend budget while take important tell tonight garden maybe forward.,https://example.com/bosequietcomfort35.jpg,Bose QuietComfort 35 BHI,603.36,101
Gaming,Performance Figure they yeah get we memory who yet spend raise child above other relate very.,https://example.com/xboxseriesx.jpg,Xbox Series X SJY,3208.58,55
Books,Performance Other owner message entire rule collection be along break gun.,https://example.com/thepragmaticprogrammer.jpg,The Pragmatic Programmer HGS,532.10,117
Home & Kitchen,Performance Put hard recent project speech director city necessary.,https://example.com/kitchenaidmixer.jpg,KitchenAid Mixer UEU,2736.49,38
Electronics,Performance Ago poor coach year important produce just raise enough.,https://example.com/googlepixel6.jpg,Google Pixel 6 EXG,750.53,103
Wearables,Performance Those north trouble upon beautiful open free medical lay.,https://example.com/garminfenix6.jpg,Garmin Fenix 6 LIY,4389.51,126
Wearables,Performance Strategy make population line Congress must city system story century attention.,https://example.com/samsunggalaxywatch.jpg,Samsung Galaxy Watch ENG,4169.33,127
Wearables,Performance Well news enter director book cell speech catch ten statement carry next according television next.,https://example.com/fitbitversa3.jpg,Fitbit Versa 3 EEZ,2718.62,56
Electronics,Performance Use nice themselves gas best above dinner stuff.,https://example.com/oneplus9.jpg,OnePlus 9 WMF,3530.91,191
Gaming,Performance Many water meeting future back off difficult.,https://example.com/nintendoswitch.jpg,Nintendo Switch TRO,186.99,37
Audio,Performance Discuss very score loss they grow his can sing.,https://example.com/sennheisermomentum3.jpg,Sennheiser Momentum 3 XYW,3016.91,39
Audio,Performance Director remember place grow everyone win should research executive black tough building child usually.,https://example.com/jblcharge5.jpg,JBL Charge 5 ZWG,2918.91,183
Wearables,Performance Director race wish let left very your stock determine human find discussion military ability.,https://example.com/garminfenix6.jpg,Garmin Fenix 6 VLV,341.13,21
Books,Performance Star issue any side image enjoy rise condition Congress recognize.,https://example.com/cleancode.jpg,Clean Code EUZ,341.11,33
Electronics,Performance Him above bring painting various current scientist.,https://example.com/oneplus9.jpg,OnePlus 9 BOC,86.27,114
Gaming,Performance Suffer at computer doctor up high southern job high she past especially old region still quality.,https://example.com/xboxseriesx.jpg,Xbox Series X MAH,4005.22,167
Home & Kitchen,Performance Begin war resource evening realize per probably her of process cut meet build black treat.,https://example.com/kitchenaidmixer.jpg,KitchenAid Mixer PIM,2529.95,135
Books,Performance Condition natural can effort bad measure star tell law go simple improve language thousand.,https://example.com/cleancode.jpg,Clean Code HGC,2873.62,173
Audio,Performance Difference drop local cell kid growth main use chance story range could usually piece.,https://example.com/sonywh-1000xm4.jpg,Sony WH-1000XM4 JZW,3737.36,193
Computers,Performance Already thank source she light question in court hospital skin soon which.,https://example.com/lenovothinkpadx1.jpg,Lenovo ThinkPad X1 HDJ,2681.73,153
Home & Kitchen,Performance Rich consumer type Republican organization its plant pay together number.,https://example.com/dysonv11vacuum.jpg,Dyson V11 Vacuum WRH,4229.00,99
Books,Performance Drug toward such new cultural analysis care.,https://example.com/thepragmaticprogrammer.jpg,The Pragmatic Programmer NMC,4258.07,5
Wearables,Performance Produce board whole middle under plant expert raise management court.,https://example.com/applewatchseries7.jpg,Apple Watch Series 7 CRN,3706.32,77
Books,Performance Hospital wrong fish yeah attack detail box choose view week remain decide happy.,https://example.com/designpatterns.jpg,Design Patterns XJW,1670.10,126
Audio,Performance Because include now so must plant whether protect most trade.,https://example.com/sennheisermomentum3.jpg,Sennheiser Momentum 3 CBZ,4715.31,77
Audio,Performance At painting room sell daughter pay growth base age speak pass tend onto when happen.,https://example.com/jblcharge5.jpg,JBL Charge 5 TYI,1926.96,98
Electronics,Performance Language there wonder him second until direction opportunity very analysis firm once machine western month itself.,https://example.com/samsunggalaxys21.jpg,Samsung Galaxy S21 DQH,3208.51,32
Computers,Performance Its professor while seven those budget involve all.,https://example.com/lenovothinkpadx1.jpg,Lenovo ThinkPad X1 YUB,3649.96,85
Electronics,Performance Gas health sort couple station my full need.,https://example.com/iphone13.jpg,iPhone 13 RQY,2411.84,36
Home & Kitchen,Performance Former general yet party individual so attack now minute technology only.,https://example.com/ninjafoodi9-in-1.jpg,Ninja Foodi 9-in-1 KFB,3370.98,38
Audio,Performance Girl newspaper religious yet really which human participant seat give.,https://example.com/sennheisermomentum3.jpg,Sennheiser Momentum 3 FCH,2061.59,156
Home & Kitchen,Performance System democratic stock worker everybody professor show bar standard final relationship wear along particularly factor.,https://example.com/dysonv11vacuum.jpg,Dyson V11 Vacuum RUW,2299.82,25
Home & Kitchen,Performance Without mention get last increase mother important ball woman you company.,https://example.com/instantpotduo.jpg,Instant Pot Duo HKT,110.94,153
Books,Performance All structure point especially that product first natural without any remain.,https://example.com/thepragmaticprogrammer.jpg,The Pragmatic Programmer POB,3153.53,26
Wearables,Performance Others skill industry old effect fine speak majority large but hear.,https://example.com/samsunggalaxywatch.jpg,Samsung Galaxy Watch SHI,982.92,200
Audio,Performance Himself draw final station tough whether address senior moment buy east example identify likely.,https://example.com/jblcharge5.jpg,JBL Charge 5 HDO,563.87,15
Books,Performance Ground eat determine feeling certainly necessary economy agree discussion star individual third want during nice.,https://example.com/refactoring.jpg,Refactoring DKT,3075.51,86
Wearables,Performance Model similar sometimes talk remember again leave toward current include.,https://example.com/applewatchseries7.jpg,Apple Watch Series 7 LRK,4847.73,182
Books,Performance His moment billion talk mouth tonight throw action section drug.,https://example.com/designpatterns.jpg,Design Patterns YGY,3944.95,32
Home & Kitchen,Performance World win product election baby seven only scientist teach seven approach.,https://example.com/kitchenaidmixer.jpg,KitchenAid Mixer ZCR,4585.27,174
Audio,Performance Eat report to product outside they eye out goal group stop father politics effect.,https://example.com/sonywh-1000xm4.jpg,Sony WH-1000XM4 ZES,2599.85,48
Electronics,Performance Part fund feeling cause stand visit red forward table owner.,https://example.com/googlepixel6.jpg,Google Pixel 6 BEZ,2228.45,193
Computers,Performance Fear spring north dog issue enter cold cell our series mother treat structure positive.,https://example.com/hpspectrex360.jpg,HP Spectre x360 ZLZ,1789.20,161
Electronics,Performance Lay practice appear role why learn attention cut billion eight soldier.,https://example.com/iphone13.jpg,iPhone 13 VQB,4510.62,10
Home & Kitchen,Performance Community whole growth speech across yard admit parent up story financial state hotel matter guy great.,https://example.com/kitchenaidmixer.jpg,KitchenAid Mixer ANL,4506.35,133
Wearables,Performance Record should add mother good decade TV culture.,https://example.com/fitbitversa3.jpg,Fitbit Versa 3 LBY,1155.98,198
Audio,Performance Probably particularly measure only wait technology town approach today all positive us maybe information.,https://example.com/jblcharge5.jpg,JBL Charge 5 LYL,2540.46,29
Computers,Performance Country article will firm woman section magazine loss tree especially position learn senior today mention next.,https://example.com/hpspectrex360.jpg,HP Spectre x360 VOO,4460.29,108
Electronics,Performance Provide parent information call prevent visit skin once born control white family rock.,https://example.com/iphone13.jpg,iPhone 13 ZMC,2084.05,25
Home & Kitchen,Performance Everybody book green stay soon account part wind well thousand impact.,https://example.com/instantpotduo.jpg,Instant Pot Duo RWB,3674.05,7
Audio,Performance Place cell reflect popular see different decide trip total another site car.,https://example.com/jblcharge5.jpg,JBL Charge 5 YEB,2161.12,106
Electronics,Performance Identify within street national sea knowledge my night top popular open collection become.,https://example.com/googlepixel6.jpg,Google Pixel 6 UTT,4597.22,83
Wearables,Performance Deep range ten television model sing then police choice cell seven.,https://example.com/samsunggalaxywatch.jpg,Samsung Galaxy Watch ESR,401.91,18
Electronics,Performance Science follow certainly official artist health effect.,https://example.com/oneplus9.jpg,OnePlus 9 IHV,3461.96,88
Gaming,Performance Movie base firm himself idea lose international available despite popular stock memory challenge audience.,https://example.com/xboxseriesx.jpg,Xbox Series X VRF,59.72,59
Audio,Performance Break attention environment few voice thank local option five prove performance mention discussion maybe rise.,https://example.com/sennheisermomentum3.jpg,Sennheiser Momentum 3 JCY,361.88,36
Computers,Performance According off little happy short during agency meet window now always hand game magazine series.,"https://example.com/macbookpro14"".jpg","MacBook Pro 14"" YXV",1031.91,172
Wearables,Performance Pressure local rise general sort stay rise two seven lose.,https://example.com/applewatchseries7.jpg,Apple Watch Series 7 AAZ,3742.40,75
Gaming,Performance Rate oil defense agree lawyer perhaps stay provide particularly firm foreign.,https://example.com/playstation5.jpg,PlayStation 5 QKY,4664.61,59
Audio,Performance Century involve down herself drive effort drop onto until head lay out perhaps chair during such.,https://example.com/bosequietcomfort35.jpg,Bose QuietComfort 35 BKX,943.09,28
Home & Kitchen,Performance Relate others throw land daughter consider group eat soon must toward family event dark such.,https://example.com/kitchenaidmixer.jpg,KitchenAid Mixer QJL,3540.33,66
Computers,Performance Court culture story suggest learn economy explain.,"https://example.com/macbookpro14"".jpg","MacBook Pro 14"" UUB",4832.93,92
Gaming,Performance Approach trip throughout free civil entire result just nature increase trouble heart watch.,https://example.com/steamdeck.jpg,Steam Deck FAU,4804.93,75
Books,Performance Before wrong take old former run others believe nor after small statement role before open hot.,https://example.com/designpatterns.jpg,Design Patterns FUF,928.39,20
Electronics,Performance Most ten cup far training opportunity difficult candidate direction many field same even bad together professional.,https://example.com/oneplus9.jpg,OnePlus 9 IXK,790.45,37
Computers,Performance Goal probably question sense scientist bank result.,https://example.com/dellxps15.jpg,Dell XPS 15 LML,1586.30,62
Computers,Performance Say about century debate officer about camera machine American five detail company first thing discuss power.,https://example.com/dellxps15.jpg,Dell XPS 15 NSR,1462.39,107
Wearables,Performance Beyond majority good open executive experience hotel compare box operation.,https://example.com/applewatchseries7.jpg,Apple Watch Series 7 URR,4306.26,153
Electronics,Performance Resource truth leave institution to movie seven concern attention.,https://example.com/googlepixel6.jpg,Google Pixel 6 PGH,398.83,18
Computers,Performance Anything strategy hope return near sign Republican notice prevent figure kitchen seven write decision data.,https://example.com/hpspectrex360.jpg,HP Spectre x360 CUY,1503.94,106
Wearables,Performance Business pull see collection cut drive out image thought nature moment despite before.,https://example.com/fitbitversa3.jpg,Fitbit Versa 3 FGI,2959.47,76
Wearables,Performance Crime officer police it house political energy song policy owner ahead generation shoulder day popular window.,https://example.com/samsunggalaxywatch.jpg,Samsung Galaxy Watch GGI,431.93,113
Wearables,Performance Stay century law before everybody power hot scene view today.,https://example.com/samsunggalaxywatch.jpg,Samsung Galaxy Watch CNH,3188.85,135
Electronics,Performance Buy many partner pressure discover carry TV drive adult executive military plan school certainly meet floor.,https://example.com/googlepixel6.jpg,Google Pixel 6 TQF,2049.04,106
Wearables,Performance Customer far recently prepare scene house central baby picture choice.,https://example.com/samsunggalaxywatch.jpg,Samsung Galaxy Watch UEX,2212.07,95
Gaming,Performance Choice chance of enter deep walk cause trouble movie view stuff federal.,https://example.com/steamdeck.jpg,Steam Deck MMF,464.37,47
Audio,Performance Positive better management minute air represent sound beat start say either none.,https://example.com/sonywh-1000xm4.jpg,Sony WH-1000XM4 EKF,1392.08,142
Books,Performance Business state way sister civil market value during difficult religious push the ten will summer specific.,https://example.com/thepragmaticprogrammer.jpg,The Pragmatic Programmer YKP,3980.33,114
Home & Kitchen,Performance Black believe performance officer election information among avoid.,https://example.com/instantpotduo.jpg,Instant Pot Duo LNL,3840.53,110
Computers,Performance Effect imagine town worker present defense become result easy mission laugh wind.,https://example.com/dellxps15.jpg,Dell XPS 15 CDW,4798.07,87
Books,Performance Official natural can forward notice mouth hold customer believe power especially song energy.,https://example.com/thepragmaticprogrammer.jpg,The Pragmatic Programmer AWQ,1783.28,161
Wearables,Performance Certain ago whom language place side member sign life successful season crime.,https://example.com/applewatchseries7.jpg,Apple Watch Series 7 XTF,2421.61,52
Gaming,Performance Remain cup they enter identify participant environmental them really debate energy religious sport.,https://example.com/playstation5.jpg,PlayStation 5 ARG,4152.57,114
Books,Performance Follow result court improve use while buy group return line community.,https://example.com/refactoring.jpg,Refactoring QBB,48.81,76
Electronics,Performance Half black because song capital administration sound teach hit lose hotel result instead.,https://example.com/oneplus9.jpg,OnePlus 9 WBB,2730.59,39
Home & Kitchen,Performance Feeling money newspaper question a certain behavior send laugh.,https://example.com/dysonv11vacuum.jpg,Dyson V11 Vacuum RSM,471.84,127
Audio,Performance Leave national visit hundred billion blue right fine boy sing threat bill pattern scientist early.,https://example.com/bosequietcomfort35.jpg,Bose QuietComfort 35 MPX,2723.27,103
Gaming,Performance Close let toward reason key story agree her whether beyond bar shoulder decade.,https://example.com/playstation5.jpg,PlayStation 5 HRK,612.95,171
Electronics,Performance Population measure student cost policy across inside water do get finish pick shake level.,https://example.com/iphone13.jpg,iPhone 13 UYO,1290.31,134
Books,Performance Evening clearly these tonight food age listen small reflect put again big.,https://example.com/refactoring.jpg,Refactoring VTQ,2228.48,191
Gaming,Performance Staff week own necessary allow including level well kid activity.,https://example.com/nintendoswitch.jpg,Nintendo Switch UHL,1424.15,193
Wearables,Performance Yeah process rest really wait if everything bad age local season school able pattern.,https://example.com/fitbitversa3.jpg,Fitbit Versa 3 KNE,2981.10,9
Electronics,Performance Large message exist word beat her include sit receive policy discussion machine hundred.,https://example.com/oneplus9.jpg,OnePlus 9 WXZ,1534.96,87
Electronics,Performance Pull child push it why research wind yard street only over.,https://example.com/samsunggalaxys21.jpg,Samsung Galaxy S21 AOB,4454.59,195
Computers,Performance Industry trial position college also keep kid assume dinner former heavy.,"https://example.com/macbookpro14"".jpg","MacBook Pro 14"" EJX",2080.00,74
Gaming,Performance Start market attorney between wall allow power condition pressure.,https://example.com/xboxseriesx.jpg,Xbox Series X NVJ,2874.17,160
Computers,Performance Conference however find most city citizen to produce list run safe figure hospital.,"https://example.com/macbookpro14"".jpg","MacBook Pro 14"" RBR",2059.91,162
Books,Performance Attack she represent family us lawyer finally until help attention American some before according.,https://example.com/refactoring.jpg,Refactoring LRV,3709.72,71
Gaming,Performance Person choose order college power one after.,https://example.com/steamdeck.jpg,Steam Deck TDA,1865.30,160
Computers,Performance Baby assume since break star various item boy.,https://example.com/dellxps15.jpg,Dell XPS 15 VJI,625.26,30
Home & Kitchen,Performance Music catch head sure memory ball media along these.,https://example.com/dysonv11vacuum.jpg,Dyson V11 Vacuum TCG,2959.40,35